{"cameraMode":{"drawMode":0,"name":"Shaded","section":"Shading Mode"},"sceneLighting":false,"audioPlay":false,"sceneViewState":{"showFog":true,"showMaterialUpdate":false,"showSkybox":false,"showFlares":true,"showImageEffects":true,"showParticleSystems":true},"in2DMode":false,"pivot":{"x":-2.413623809814453,"y":2.6464290618896486,"z":-1.6914396286010743},"rotation":{"x":-0.07426763325929642,"y":0.6828632354736328,"z":-0.07010811567306519,"w":-0.7233747839927673},"size":2.513916492462158,"orthographic":false}